policy, rpwc, tpwc, fraction
basic6, 11259, 1830, 0.162536637357
basic8, 8434, 1527, 0.181052881195
mod6cc2, 6035, 1198, 0.198508699254
mod6ds, 3376, 764, 0.226303317536
comp8c3, 2074, 402, 0.193828351013
comp8c4, 1716, 428, 0.249417249417
