policy, rpwc, tpwc, fraction
basic6,2014,256,0.127110228401
basic8,1235,186,0.150607287449
mod6cc2,815,134,0.164417177914
mod6ds,356,77,0.216292134831
comp8c3,184,40,0.217391304348
comp8c4,225,54,0.24
